month,attendances
2010-08,1138652.0
2010-09,1150728.0
2010-10,1163143.0
2010-11,1111294.5714285714
2010-12,1159203.8571428563
2011-01,1133880.571428571
2011-02,1053707.1428571425
2011-03,1225221.9999999993
2011-04,1197212.7142857148
2011-05,1221687.4285714289
2011-06,1168467.857142857
2011-07,1211065.8571428566
2011-08,1135801.4285714286
2011-09,1162142.857142857
2011-10,1200707.8571428573
2011-11,1134959.4285714277
2011-12,1141606.4285714282
2012-01,1137915.5714285711
2012-02,1120423.0000000002
2012-03,1263082.2857142864
2012-04,1149633.714285714
2012-05,1251414.285714286
2012-06,1222084.2857142854
2012-07,1248953.285714286
2012-08,1197383.8571428573
2012-09,1178360.714285714
2012-10,1214433.4285714284
2012-11,1167908.0000000002
2012-12,1202080.2857142861
2013-01,1149837.1428571434
2013-02,1085332.7142857139
2013-03,1226196.4285714282
2013-04,1199089.1428571427
2013-05,1229747.4285714282
2013-06,1191352.4285714286
2013-07,1281699.8571428573
2013-08,1189671.428571429
2013-09,1156569.1428571425
2013-10,1199258.5714285714
2013-11,1139112.1428571423
2013-12,1172011.1428571427
2014-01,1142283.5714285716
2014-02,1084743.7142857143
2014-03,1269436.142857143
2014-04,1213065.8571428573
2014-05,1287333.1428571427
2014-06,1265211.142857143
2014-07,1302588.4285714282
2014-08,1188146.7142857146
2014-09,1221781.5714285716
2014-10,1250114.1428571434
2014-11,1205519.2857142857
2014-12,1241894.7142857136
2015-01,1124040.428571428
2015-02,1072451.571428571
2015-03,1251324.8571428568
2015-04,1206631.285714286
2015-05,1254445.1428571427
2015-06,1249213.0
2015-07,1271523.0
2015-08,1215826.0
2015-09,1221594.0
2015-10,1261395.0
2015-11,1236294.0
2015-12,1232965.0
2016-01,1250005.0
2016-02,1218372.0
2016-03,1350373.0
2016-04,1214057.0
2016-05,1353206.0
2016-06,1282499.0
2016-07,1353477.0
2016-08,1254439.0
2016-09,1277578.0
2016-10,1317571.0
2016-11,1258205.0
2016-12,1277133.0
2017-01,1237177.0
2017-02,1127909.0
2017-03,1309507.0
2017-04,1253743.0
2017-05,1347297.0
2017-06,1296877.0
2017-07,1348648.0
2017-08,1256655.0
2017-09,1263957.0
2017-10,1325211.0
2017-11,1281913.0
2017-12,1289587.0
2018-01,1257026.0
2018-02,1151757.0
2018-03,1299796.0
2018-04,1246348.0
2018-05,1354711.0
2018-06,1306739.0
2018-07,1365859.0
2018-08,1252767.0
2018-09,1269088.0
2018-10,1320032.0
2018-11,1305353.0
2018-12,1307359.0
2019-01,1344354.0
2019-02,1234328.0
2019-03,1373061.0
2019-04,1330825.0
2019-05,1369332.0
2019-06,1334137.0
2019-07,1415918.0
2019-08,1324070.0
2019-09,1342510.0
2019-10,1376347.0
2019-11,1366383.0
2019-12,1373654.0
2020-01,1327234.0
2020-02,1237255.0
2020-03,1013021.0
2020-04,689720.0
2020-05,924218.0
2020-06,1016132.0
2020-07,1120421.0
2020-08,1179019.0
2020-09,1163948.0
2020-10,1111958.0
2020-11,1036350.0
2020-12,1039474.0
2021-01,941194.0
2021-02,903771.0
2021-03,1161079.0
2021-04,1259266.0
2021-05,1396116.0
2021-06,1436111.0
2021-07,1430733.0
2021-08,1341757.0
2021-09,1392405.0
2021-10,1419010.0
2021-11,1336830.0
2021-12,1250568.0
2022-01,1247417.0
2022-02,1205820.0
2022-03,1421526.0
2022-04,1312380.0
2022-05,1437421.0
2022-06,1400664.0
2022-07,1397083.0
2022-08,1299083.0
2022-09,1301611.0
2022-10,1399185.0
2022-11,1395183.0
2022-12,1437681.0
2023-01,1243898.0
2023-02,1206386.0
2023-03,1372403.0
2023-04,1271145.0
2023-05,1400815.0
2023-06,1389009.0
2023-07,1379854.0
2023-08,1323647.0
2023-09,1369045.0
2023-10,1413597.0
2023-11,1386008.0
2023-12,1384220.0
2024-01,1397975.0
2024-02,1347642.0
2024-03,1462878.0
2024-04,1372028.0
2024-05,1472721.0
2024-06,1405658.0
2024-07,1425569.0
2024-08,1320157.0
2024-09,1364482.0
2024-10,1453242.0
2024-11,1428050.0
2024-12,1440311.0
2025-01,1359026.0
2025-02,1271336.0
2025-03,1450686.0
2025-04,1388613.0
2025-05,1453480.0
2025-06,1428563.0
2025-07,1469050.0
2025-08,1383870.0
2025-09,1417440.0
2025-10,1481222.0
2025-11,1448958.0
2025-12,1438921.0
2026-01,1435727.0
2026-02,1298005.0
2026-03,1478125.0
