origin,month,horizon,model,actual,predicted,error,lower,upper,covered
2024-05,2024-06,1,seasonal_naive,1405658.0,1389009.0,-16649.0,1239902.2258064516,1538115.7741935484,True
2024-05,2024-06,1,recent_growth,1405658.0,1480578.7424699594,74920.74246995943,,,
2024-05,2024-06,1,seasonal_trend,1405658.0,1443406.8140526516,37748.814052651636,,,
2024-05,2024-08,3,seasonal_naive,1320157.0,1323647.0,3490.0,1169570.0,1477724.0,True
2024-05,2024-08,3,recent_growth,1320157.0,1410907.7844233797,90750.7844233797,,,
2024-05,2024-08,3,seasonal_trend,1320157.0,1357468.2189655174,37311.21896551736,,,
2024-06,2024-07,1,seasonal_naive,1425569.0,1379854.0,-45715.0,1225777.0,1533931.0,True
2024-06,2024-07,1,recent_growth,1425569.0,1450684.0394584583,25115.039458458312,,,
2024-06,2024-07,1,seasonal_trend,1425569.0,1443015.263409964,17446.26340996404,,,
2024-06,2024-09,3,seasonal_naive,1364482.0,1369045.0,4563.0,1219938.2258064516,1518151.7741935484,True
2024-06,2024-09,3,recent_growth,1364482.0,1439320.1967747349,74838.19677473488,,,
2024-06,2024-09,3,seasonal_trend,1364482.0,1393507.1473859858,29025.147385985823,,,
2024-07,2024-08,1,seasonal_naive,1320157.0,1323647.0,3490.0,1169570.0,1477724.0,True
2024-07,2024-08,1,recent_growth,1320157.0,1367499.844290048,47342.844290047884,,,
2024-07,2024-08,1,seasonal_trend,1320157.0,1368568.0134099608,48411.01340996078,,,
2024-07,2024-10,3,seasonal_naive,1453242.0,1413597.0,-39645.0,1259520.0,1567674.0,True
2024-07,2024-10,3,recent_growth,1453242.0,1460429.9162759248,7187.91627592477,,,
2024-07,2024-10,3,seasonal_trend,1453242.0,1457669.680076627,4427.680076627061,,,
2024-08,2024-09,1,seasonal_naive,1364482.0,1369045.0,4563.0,1219938.2258064516,1518151.7741935484,True
2024-08,2024-09,1,recent_growth,1364482.0,1385454.7066361702,20972.706636170158,,,
2024-08,2024-09,1,seasonal_trend,1364482.0,1403067.5506117907,38585.550611790735,,,
2024-08,2024-11,3,seasonal_naive,1428050.0,1386008.0,-42042.0,1236901.2258064516,1535114.7741935484,True
2024-08,2024-11,3,recent_growth,1428050.0,1402621.0292834677,-25428.97071653232,,,
2024-08,2024-11,3,seasonal_trend,1428050.0,1421387.5506117905,-6662.449388209498,,,
2024-09,2024-10,1,seasonal_naive,1453242.0,1413597.0,-39645.0,1259520.0,1567674.0,True
2024-09,2024-10,1,recent_growth,1453242.0,1409869.8329154225,-43372.16708457749,,,
2024-09,2024-10,1,seasonal_trend,1453242.0,1468360.460632184,15118.460632184055,,,
2024-09,2024-12,3,seasonal_naive,1440311.0,1384220.0,-56091.0,1230143.0,1538297.0,True
2024-09,2024-12,3,recent_growth,1440311.0,1380570.2899186867,-59740.71008131327,,,
2024-09,2024-12,3,seasonal_trend,1440311.0,1415252.7939655178,-25058.206034482224,,,
2024-10,2024-11,1,seasonal_naive,1428050.0,1386008.0,-42042.0,1236901.2258064516,1535114.7741935484,True
2024-10,2024-11,1,recent_growth,1428050.0,1382353.5755801965,-45696.424419803545,,,
2024-10,2024-11,1,seasonal_trend,1428050.0,1433369.4350203935,5319.435020393459,,,
2024-10,2025-01,3,seasonal_naive,1359026.0,1397975.0,38949.0,1243898.0,1552052.0,True
2024-10,2025-01,3,recent_growth,1359026.0,1394289.0227341582,35263.02273415821,,,
2024-10,2025-01,3,seasonal_trend,1359026.0,1359148.9606321848,122.9606321847532,,,
2024-11,2024-12,1,seasonal_naive,1440311.0,1384220.0,-56091.0,1230143.0,1538297.0,True
2024-11,2024-12,1,recent_growth,1440311.0,1423041.1080668678,-17269.891933132196,,,
2024-11,2024-12,1,seasonal_trend,1440311.0,1418804.0689655188,-21506.931034481153,,,
2024-11,2025-02,3,seasonal_naive,1271336.0,1301171.5862068967,29835.586206896696,1162005.2636262516,1440337.9087875418,True
2024-11,2025-02,3,recent_growth,1271336.0,1337663.5620212003,66327.56202120031,,,
2024-11,2025-02,3,seasonal_trend,1271336.0,1293173.2791991117,21837.27919911174,,,
2024-12,2025-01,1,seasonal_naive,1359026.0,1397975.0,38949.0,1243898.0,1552052.0,True
2024-12,2025-01,1,recent_growth,1359026.0,1440379.9969047797,81353.99690477969,,,
2024-12,2025-01,1,seasonal_trend,1359026.0,1346825.9022988505,-12200.097701149527,,,
2024-12,2025-03,3,seasonal_naive,1450686.0,1462878.0,12192.0,1308801.0,1616955.0,True
2024-12,2025-03,3,recent_growth,1450686.0,1507251.7098746903,56565.70987469028,,,
2024-12,2025-03,3,seasonal_trend,1450686.0,1469331.568965517,18645.568965516984,,,
2025-01,2025-02,1,seasonal_naive,1271336.0,1301171.5862068967,29835.586206896696,1162005.2636262516,1440337.9087875418,True
2025-01,2025-02,1,recent_growth,1271336.0,1340640.2298419334,69304.22984193335,,,
2025-01,2025-02,1,seasonal_trend,1271336.0,1280644.6340378192,9308.634037819225,,,
2025-01,2025-04,3,seasonal_naive,1388613.0,1372028.0,-16585.0,1222921.2258064516,1521134.7741935484,True
2025-01,2025-04,3,recent_growth,1388613.0,1413645.9424476626,25032.942447662586,,,
2025-01,2025-04,3,seasonal_trend,1388613.0,1364430.6366332956,-24182.363366704434,,,
2025-02,2025-03,1,seasonal_naive,1450686.0,1462878.0,12192.0,1308801.0,1616955.0,True
2025-02,2025-03,1,recent_growth,1450686.0,1429334.5203068978,-21351.479693102185,,,
2025-02,2025-03,1,seasonal_trend,1450686.0,1463574.160714284,12888.160714284051,,,
2025-02,2025-05,3,seasonal_naive,1453480.0,1472721.0,19241.0,1318644.0,1626798.0,True
2025-02,2025-05,3,recent_growth,1453480.0,1438951.822421894,-14528.177578106057,,,
2025-02,2025-05,3,seasonal_trend,1453480.0,1481624.160714284,28144.16071428405,,,
2025-03,2025-04,1,seasonal_naive,1388613.0,1372028.0,-16585.0,1222921.2258064516,1521134.7741935484,True
2025-03,2025-04,1,recent_growth,1388613.0,1340567.6913779771,-48045.30862202286,,,
2025-03,2025-04,1,seasonal_trend,1388613.0,1364694.5157450077,-23918.484254992334,,,
2025-03,2025-06,3,seasonal_naive,1428563.0,1405658.0,-22905.0,1256551.2258064516,1554764.7741935484,True
2025-03,2025-06,3,recent_growth,1428563.0,1373426.5626699927,-55136.43733000732,,,
2025-03,2025-06,3,seasonal_trend,1428563.0,1444620.5157450077,16057.515745007666,,,
2025-04,2025-05,1,seasonal_naive,1453480.0,1472721.0,19241.0,1318644.0,1626798.0,True
2025-04,2025-05,1,recent_growth,1453480.0,1460446.9659165018,6966.965916501824,,,
2025-04,2025-05,1,seasonal_trend,1453480.0,1489680.6884920627,36200.688492062734,,,
2025-04,2025-07,3,seasonal_naive,1469050.0,1425569.0,-43481.0,1271492.0,1579646.0,True
2025-04,2025-07,3,recent_growth,1469050.0,1413687.9427635113,-55362.057236488676,,,
2025-04,2025-07,3,seasonal_trend,1469050.0,1453530.3551587288,-15519.64484127122,,,
2025-05,2025-06,1,seasonal_naive,1428563.0,1405658.0,-22905.0,1256551.2258064516,1554764.7741935484,True
2025-05,2025-06,1,recent_growth,1428563.0,1393942.886138147,-34620.113861853024,,,
2025-05,2025-06,1,seasonal_trend,1428563.0,1450839.2523041477,22276.252304147696,,,
2025-05,2025-08,3,seasonal_naive,1383870.0,1320157.0,-63713.0,1166080.0,1474234.0,True
2025-05,2025-08,3,recent_growth,1383870.0,1309154.473375087,-74715.5266249131,,,
2025-05,2025-08,3,seasonal_trend,1383870.0,1368437.7718253972,-15432.228174602846,,,
2025-06,2025-07,1,seasonal_naive,1469050.0,1425569.0,-43481.0,1271492.0,1579646.0,True
2025-06,2025-07,1,recent_growth,1469050.0,1442801.2007021722,-26248.79929782776,,,
2025-06,2025-07,1,seasonal_trend,1469050.0,1457953.4384920644,-11096.561507935636,,,
2025-06,2025-09,3,seasonal_naive,1417440.0,1364482.0,-52958.0,1215375.2258064516,1513588.7741935484,True
2025-06,2025-09,3,recent_growth,1417440.0,1380975.7843615436,-36464.2156384564,,,
2025-06,2025-09,3,seasonal_trend,1417440.0,1400321.5856374817,-17118.41436251835,,,
2025-07,2025-08,1,seasonal_naive,1383870.0,1320157.0,-63713.0,1166080.0,1474234.0,True
2025-07,2025-08,1,recent_growth,1383870.0,1341668.7731944756,-42201.226805524435,,,
2025-07,2025-08,1,seasonal_trend,1383870.0,1376472.938492062,-7397.061507937964,,,
2025-07,2025-10,3,seasonal_naive,1481222.0,1453242.0,-27980.0,1299165.0,1607319.0,True
2025-07,2025-10,3,recent_growth,1481222.0,1476922.3746074792,-4299.6253925208,,,
2025-07,2025-10,3,seasonal_trend,1481222.0,1484185.2718253946,2963.271825394593,,,
2025-08,2025-09,1,seasonal_naive,1417440.0,1364482.0,-52958.0,1215375.2258064516,1513588.7741935484,True
2025-08,2025-09,1,recent_growth,1417440.0,1406099.7974142253,-11340.202585774707,,,
2025-08,2025-09,1,seasonal_trend,1417440.0,1408374.7307987714,-9065.269201228628,,,
2025-08,2025-11,3,seasonal_naive,1448958.0,1428050.0,-20908.0,1278943.2258064516,1577156.7741935484,True
2025-08,2025-11,3,recent_growth,1448958.0,1471606.6724935798,22648.672493579797,,,
2025-08,2025-11,3,seasonal_trend,1448958.0,1466409.0641321049,17451.06413210486,,,
2025-09,2025-10,1,seasonal_naive,1481222.0,1453242.0,-27980.0,1299165.0,1607319.0,True
2025-09,2025-10,1,recent_growth,1481222.0,1509644.9352061811,28422.935206181137,,,
2025-09,2025-10,1,seasonal_trend,1481222.0,1486201.144047619,4979.144047619076,,,
2025-09,2025-12,3,seasonal_naive,1438921.0,1440311.0,1390.0,1286234.0,1594388.0,True
2025-09,2025-12,3,recent_growth,1438921.0,1496212.0598439558,57291.059843955794,,,
2025-09,2025-12,3,seasonal_trend,1438921.0,1484930.4773809528,46009.4773809528,,,
2025-10,2025-11,1,seasonal_naive,1448958.0,1428050.0,-20908.0,1278943.2258064516,1577156.7741935484,True
2025-10,2025-11,1,recent_growth,1448958.0,1483475.1883865087,34517.18838650873,,,
2025-10,2025-11,1,seasonal_trend,1448958.0,1466296.924347158,17338.924347158056,,,
2025-10,2026-01,3,seasonal_naive,1435727.0,1359026.0,-76701.0,1204949.0,1513103.0,True
2025-10,2026-01,3,recent_growth,1435727.0,1411772.242829147,-23954.757170852972,,,
2025-10,2026-01,3,seasonal_trend,1435727.0,1398956.8107142856,-36770.18928571441,,,
2025-11,2025-12,1,seasonal_naive,1438921.0,1440311.0,1390.0,1286234.0,1594388.0,True
2025-11,2025-12,1,recent_growth,1438921.0,1468042.0329456485,29121.032945648534,,,
2025-11,2025-12,1,seasonal_trend,1438921.0,1488651.6246031763,49730.62460317626,,,
2025-11,2026-02,3,seasonal_naive,1298005.0,1271336.0,-26669.0,1132169.677419355,1410502.322580645,True
2025-11,2026-02,3,recent_growth,1298005.0,1295813.6721839858,-2191.327816014178,,,
2025-11,2026-02,3,seasonal_trend,1298005.0,1320973.1359040926,22968.135904092574,,,
2025-12,2026-01,1,seasonal_naive,1435727.0,1359026.0,-76701.0,1204949.0,1513103.0,True
2025-12,2026-01,1,recent_growth,1435727.0,1378923.4234851722,-56803.576514827786,,,
2025-12,2026-01,1,seasonal_trend,1435727.0,1405886.54126984,-29840.458730160026,,,
2025-12,2026-03,3,seasonal_naive,1478125.0,1450686.0,-27439.0,1296609.0,1604763.0,True
2025-12,2026-03,3,recent_growth,1478125.0,1471925.4124071288,-6199.587592871161,,,
2025-12,2026-03,3,seasonal_trend,1478125.0,1500909.2079365074,22784.207936507417,,,
